IC Testing Request,Testing Request
IC Testing Request Item,Testing Request Item
IC Laboratory,Laboratory
IC Laboratory Test Scope,Laboratory Test Scope
IC Sample Tracking,Sample Tracking
IC Document Request,Document Request
IC Document Request Item,Document Request Item
IC Document Checklist Template,Document Checklist Template
IC Document Checklist Item,Document Checklist Item
IC Quotation Template,Quotation Template
IC Quotation Cost Item,Quotation Cost Item
IC Quotation Test Item,Quotation Test Item
IC Quotation Product,Quotation Product
IC Project Update,Project Update
IC Project Record,Project Record
IC Project Type,Project Type
IC Lead Source,Lead Source
IC Joining Letter,Joining Letter
IC Employee Document,Employee Document
IC Settings,Settings
IC Commercial Summary,Commercial Summary
IC Operations Overview,Operations Overview
IC Admin,Admin
IC Senior Operations,Senior Operations
IC Sales Person,Sales
IC Operations Manager,Operations Manager
IC Quotation Workflow,Quotation Workflow
IC Draft,Draft
IC Internal Review,Internal Review
IC Ready to Share,Ready to Share
IC Shared with Customer,Shared with Customer
IC Customer Review,Customer Review
IC Accepted,Accepted
IC Changes Requested,Changes Requested
IC Rejected / Lost,Rejected / Lost
IC Submit for Review,Submit for Review
IC Approve for Sharing,Approve for Sharing
IC Share with Customer,Share with Customer
IC Mark Accepted,Mark Accepted
IC Request Changes,Request Changes
IC Revise,Revise
IC Reject,Reject
IC Quotation Accepted,Quotation Accepted
IC Quotation Changes Requested,Quotation Changes Requested
IC Home Dashboard,Home Dashboard
IC CRM Lead Tracker,CRM Lead Tracker
